Country Name,Year,avg_temperature,Average precipitation in depth (mm per year),Carbon dioxide (CO2) emissions excluding LULUCF per capita (t CO2e/capita),Forest area (% of land area),Renewable energy consumption (% of total final energy consumption),deaths_drought,injured_drought,total_damages_drought,deaths_flood,injured_flood,total_damages_flood,deaths_storm,injured_storm,total_damages_storm,deaths_wildfire,injured_wildfire,total_damages_wildfire,deaths_temperature,injured_temperature,total_damages_temperature
Afghanistan,2000,13.61,327.0,0.0504760801948225,1.85278199408184,45.0,37.0,0.0,50.0,,,,,,,,,,,,
Afghanistan,2001,13.95,327.0,0.0465729492262171,1.85278199408184,45.6,,,,,,,,,,,,,327.0,0.0,10.0
Afghanistan,2002,13.79,327.0,0.0440777829029563,1.85278199408184,37.8,,,,81.0,0.0,0.0,,,,,,,,,
Afghanistan,2003,13.26,327.0,0.0443407305372896,1.85278199408184,36.7,,,,136.0,3.0,0.0,,,,,,,,,
Afghanistan,2004,13.91,327.0,0.03789792931894,1.85278199408184,44.2,,,,16.0,0.0,0.0,,,,,,,,,
Afghanistan,2005,13.35,327.0,0.0518878290280668,1.85278199408184,33.9,,,,295.0,43.0,0.0,260.0,0.0,5000.0,,,,21.0,0.0,0.0
Afghanistan,2006,13.8,327.0,0.0553923376777949,1.85278199408184,31.9,0.0,0.0,0.0,282.0,185.0,0.0,71.0,0.0,0.0,,,,,,
Afghanistan,2007,13.49,327.0,0.0775612303767694,1.85278199408184,28.8,,,,296.0,20.0,0.0,,,,,,,,,
Afghanistan,2008,13.45,327.0,0.144751528002023,1.85278199408184,21.2,0.0,0.0,0.0,0.0,0.0,0.0,,,,,,,1317.0,182.0,0.0
Afghanistan,2009,13.72,327.0,0.221465726059917,1.85278199408184,16.5,,,,69.0,16.0,20000.0,,,,,,,,,
Afghanistan,2010,14.09,327.0,0.275380974794698,1.85278199408184,15.2,,,,135.0,0.0,0.0,,,,,,,,,
Afghanistan,2011,13.53,327.0,0.388742453073337,1.85278199408184,12.6,0.0,0.0,142000.0,62.0,110.0,0.0,21.0,5.0,0.0,,,,,,
Afghanistan,2012,13.07,327.0,0.319626607745266,1.85278199408184,15.4,,,,149.0,311.0,0.0,,,,,,,45.0,68.0,0.0
Afghanistan,2013,13.91,327.0,0.262469648389334,1.85278199408184,16.9,,,,113.0,2.0,0.0,,,,,,,,,
Afghanistan,2014,13.2,327.0,0.238642815009995,1.85278199408184,19.1,,,,512.0,135.0,3000.0,63.0,0.0,0.0,,,,,,
Afghanistan,2015,13.78,327.0,0.246706024551365,1.85278199408184,17.7,,,,7.0,10.0,0.0,,,,,,,,,
Afghanistan,2016,14.26,327.0,0.216929891611134,1.85278199408184,20.2,,,,84.0,0.0,0.0,,,,,,,,,
Afghanistan,2017,13.88,327.0,0.226011227289355,1.85278199408184,19.5,,,,36.0,22.0,0.0,67.0,10.0,0.0,,,,,,
Afghanistan,2018,14.18,327.0,0.215877625146902,1.85278199408184,18.3,0.0,0.0,0.0,101.0,0.0,0.0,,,,,,,,,
Afghanistan,2019,13.8,327.0,0.191490829184533,1.85278199408184,18.9,,,,171.0,17.0,0.0,,,,,,,,,
Argentina,2000,14.45,591.0,3.67500561079405,12.1964855354461,9.8,,,,13.0,40.0,300000.0,1.0,0.0,0.0,8.0,0.0,0.0,15.0,0.0,0.0
Argentina,2001,15.09,591.0,3.49096906098567,12.0808714176615,11.5,,,,1.0,0.0,750000.0,20.0,150.0,15000.0,0.0,0.0,0.0,14.0,0.0,0.0
Argentina,2002,14.84,591.0,3.2620858169305,11.9652572998769,11.6,,,,8.0,0.0,0.0,3.0,0.0,0.0,,,,0.0,0.0,0.0
Argentina,2003,15.24,591.0,3.51976128011969,11.8496431820922,10.8,0.0,0.0,120000.0,27.0,0.0,1028210.0,12.0,0.0,0.0,,,,,,
Argentina,2004,15.24,591.0,3.85751040887454,11.7340290643076,9.3,,,,5.0,7.0,0.0,,,,,,,5.0,0.0,0.0
Argentina,2005,14.9,591.0,3.91872470742059,11.618414946523,9.6,,,,,,,11.0,52.0,0.0,,,,,,
Argentina,2006,15.46,591.0,4.10421553720694,11.5028008287384,9.2,,,,0.0,0.0,0.0,,,,,,,,,
Argentina,2007,14.45,591.0,4.32708912512489,11.3871867109537,7.7,,,,10.0,0.0,40000.0,,,,,,,9.0,0.0,0.0
Argentina,2008,15.34,591.0,4.4357867480596,11.2715725931691,7.7,,,,0.0,0.0,0.0,,,,,,,,,
Argentina,2009,15.42,591.0,4.03659973529201,11.1559584753845,8.6,0.0,0.0,0.0,9.0,0.0,0.0,10.0,24.0,0.0,,,,,,
Argentina,2010,14.91,591.0,4.29667743910718,11.0403443575999,8.8,,,,,,,,,,,,,42.0,0.0,0.0
Argentina,2011,15.15,591.0,4.43018394628793,10.9587128976976,8.8,,,,,,,,,,,,,,,
Argentina,2012,15.61,591.0,4.47955623063869,10.8770814377953,8.6,,,,6.0,0.0,0.0,19.0,30.0,12000.0,,,,,,
Argentina,2013,15.4,591.0,4.53801219304993,10.795449977893,8.9,,,,52.0,0.0,1300000.0,4.0,12.0,2000.0,,,,,,
Argentina,2014,15.41,591.0,4.41804077536038,10.7138185179907,9.8,,,,3.0,0.0,62000.0,,,,,,,,,
Argentina,2015,15.5,591.0,4.51393025813273,10.6321870580884,9.4,,,,11.0,0.0,0.0,8.0,0.0,17200.0,,,,,,
Argentina,2016,14.94,591.0,4.42297985438054,10.6003968297469,9.4,,,,0.0,0.0,1002000.0,,,,,,,,,
Argentina,2017,15.57,591.0,4.3211555474833,10.5598368832422,10.4,,,,1.0,0.0,0.0,,,,,,,,,
Argentina,2018,15.27,591.0,4.25124625791196,10.5203731515078,10.5,0.0,0.0,3400000.0,0.0,0.0,0.0,2.0,0.0,0.0,,,,,,
Argentina,2019,15.22,591.0,4.07544537651257,10.4801786099266,10.7,8.0,32.0,0.0,6.0,0.0,0.0,,,,,,,,,
Australia,2000,21.46,534.0,18.5965306696659,17.1581557606446,8.4,,,,0.0,0.0,265000.0,1.0,0.0,150000.0,0.0,0.0,0.0,,,
Australia,2001,21.48,534.0,18.6985053620287,17.1286333519909,8.4,,,,4.0,31.0,225000.0,2.0,27.0,6600.0,0.0,0.0,90000.0,,,
Australia,2002,22.17,534.0,18.9082805468625,17.0991109433373,8.7,0.0,0.0,2000000.0,,,,0.0,0.0,0.0,2.0,4.0,50000.0,,,
Australia,2003,22.12,534.0,18.6663916262359,17.0695885346836,7.2,,,,1.0,0.0,77000.0,1.0,0.0,93000.0,4.0,150.0,300000.0,,,
Australia,2004,21.99,534.0,19.1615575634878,17.04006612603,6.7,,,,3.0,0.0,52500.0,3.0,0.0,60000.0,,,,,,
Australia,2005,22.46,534.0,19.0359651886093,17.0105437173763,6.7,,,,3.0,0.0,58000.0,1.0,0.0,42000.0,12.0,20.0,40000.0,,,
Australia,2006,21.85,534.0,19.0774020161199,16.9810213087226,6.8,0.0,0.0,0.0,0.0,0.0,0.0,0.0,30.0,1182354.0,4.0,0.0,100000.0,,,
Australia,2007,22.0,534.0,19.2372081651952,16.951498900069,7.0,,,,9.0,0.0,1300000.0,2.0,0.0,100000.0,,,,,,
Australia,2008,21.71,534.0,19.025898340921,16.9219764914153,6.8,,,,7.0,0.0,2065000.0,1.0,0.0,450000.0,,,,,,
Australia,2009,22.13,534.0,18.9132381935116,16.8924540827617,7.1,,,,7.0,0.0,150000.0,1.0,0.0,60000.0,180.0,500.0,1300000.0,347.0,2000.0,0.0
Australia,2010,21.48,534.0,18.8488476857263,16.862931674108,8.2,,,,35.0,0.0,7409000.0,1.0,0.0,2720000.0,,,,,,
Australia,2011,21.46,534.0,18.4784761198108,16.9553102586465,8.3,,,,0.0,0.0,0.0,1.0,0.0,2500000.0,0.0,0.0,54000.0,,,
Australia,2012,21.76,534.0,18.1810955786986,17.047688843185,8.3,,,,4.0,0.0,588000.0,,,,,,,,,
Australia,2013,22.73,534.0,17.539347865104,17.1400674277235,9.2,,,,,,,6.0,0.0,2000000.0,3.0,0.0,366000.0,,,
Australia,2014,22.55,534.0,16.879485438679,17.232446012262,9.3,,,,,,,0.0,12.0,1000000.0,2.0,0.0,125000.0,139.0,0.0,0.0
Australia,2015,22.34,534.0,16.8182097787642,17.3248245968004,9.4,,,,6.0,0.0,400000.0,8.0,0.0,1981000.0,2.0,164.0,351000.0,,,
Australia,2016,22.37,534.0,16.8867624516931,17.4254877132405,9.6,,,,1.0,0.0,25000.0,5.0,0.0,500000.0,2.0,0.0,110000.0,,,
Australia,2017,22.48,534.0,16.7057285715517,17.4229136169693,9.9,,,,,,,12.0,0.0,3190000.0,0.0,2.0,20000.0,,,
Australia,2018,22.52,534.0,16.3923595229437,17.4213145571644,9.8,0.0,0.0,1200000.0,0.0,0.0,11400.0,,,,,,,0.0,0.0,0.0
Australia,2019,22.8,534.0,16.0988040730969,17.4213145571644,10.3,,,,3.0,0.0,2000000.0,,,,32.0,24.0,2000000.0,,,
Bangladesh,2000,25.26,2666.0,0.200482660343614,14.7524629330875,60.2,,,,43.0,60.0,500000.0,99.0,599.0,0.0,,,,49.0,0.0,0.0
Bangladesh,2001,25.86,2666.0,0.238508145231551,14.7278904509488,55.9,,,,9.0,0.0,0.0,238.0,2750.0,0.0,,,,6.0,2000.0,0.0
Bangladesh,2002,25.75,2666.0,0.247169767890226,14.70331796881,54.4,,,,10.0,0.0,0.0,122.0,400.0,0.0,,,,700.0,0.0,0.0
Bangladesh,2003,25.77,2666.0,0.255250836397506,14.6787454866713,52.6,,,,252.0,0.0,0.0,60.0,420.0,0.0,,,,215.0,200.0,0.0
Bangladesh,2004,25.71,2666.0,0.265234027233158,14.6541730045325,52.0,,,,761.0,200.0,2200000.0,239.0,3150.0,0.0,,,,,,
Bangladesh,2005,25.97,2666.0,0.278993060231867,14.6296005223938,50.6,,,,55.0,0.0,0.0,177.0,2106.0,0.0,,,,100.0,0.0,0.0
Bangladesh,2006,26.19,2666.0,0.296997445589191,14.6050280402551,48.6,,,,0.0,0.0,0.0,154.0,1264.0,0.0,,,,,,
Bangladesh,2007,25.97,2666.0,0.312232079407807,14.5804555581163,47.2,,,,1230.0,60.0,114000.0,4275.0,55282.0,2300000.0,,,,130.0,0.0,0.0
Bangladesh,2008,25.73,2666.0,0.343315957053316,14.5558830759776,45.2,,,,28.0,2.0,0.0,27.0,400.0,0.0,,,,,,
Bangladesh,2009,26.5,2666.0,0.365306179179761,14.5313098256127,43.1,0.0,0.0,0.0,16.0,0.0,0.0,197.0,7187.0,270000.0,,,,135.0,0.0,0.0
Bangladesh,2010,26.38,2666.0,0.399174830713931,14.5067373434739,40.3,,,,15.0,0.0,0.0,26.0,250.0,0.0,,,,,,
Bangladesh,2011,25.79,2666.0,0.425099567633734,14.4991441960513,38.4,,,,10.0,0.0,0.0,13.0,121.0,0.0,,,,62.0,0.0,0.0
Bangladesh,2012,25.46,2666.0,0.450489807832137,14.4915510486287,37.3,,,,139.0,0.0,0.0,133.0,304.0,0.0,,,,72.0,0.0,0.0
Bangladesh,2013,25.17,2666.0,0.460371266499191,14.4839579012061,37.0,,,,,,,50.0,453.0,20000.0,,,,,,
Bangladesh,2014,25.64,2666.0,0.485151359134913,14.4763647537835,35.4,,,,59.0,447.0,160000.0,20.0,12.0,0.0,,,,,,
Bangladesh,2015,25.44,2666.0,0.536007629763741,14.4687716063609,33.1,,,,31.0,20651.0,40000.0,117.0,250.0,44000.0,,,,,,
Bangladesh,2016,25.89,2666.0,0.584386984418544,14.4687716063609,30.2,,,,106.0,0.0,150000.0,87.0,0.0,600000.0,,,,,,
Bangladesh,2017,25.68,2666.0,0.622894753150526,14.4687716063609,28.1,,,,144.0,0.0,628000.0,19.0,12.0,0.0,,,,,,
Bangladesh,2018,25.29,2666.0,0.645077044556817,14.4687716063609,27.0,,,,35.0,0.0,0.0,33.0,0.0,0.0,,,,34.0,0.0,0.0
Bangladesh,2019,25.64,2666.0,0.655345933649704,14.4687716063609,26.1,,,,114.0,0.0,75000.0,94.0,116.0,5785.0,,,,50.0,4500.0,0.0
Brazil,2000,25.12,1782.0,2.00781892560001,65.9343586013156,42.7,,,,48.0,0.0,0.0,,,,,,,7.0,0.0,0.0
Brazil,2001,25.4,1782.0,1.99268521156943,65.4616708980706,41.3,0.0,0.0,0.0,85.0,196.0,45000.0,13.0,0.0,0.0,,,,,,
Brazil,2002,25.67,1761.0,1.96864504896722,64.9889831948257,42.9,0.0,0.0,0.0,17.0,0.0,0.0,,,,,,,,,
Brazil,2003,25.45,1782.0,1.91813943107745,64.5162954915806,45.1,,,,255.0,571.0,303000.0,,,,,,,,,
Brazil,2004,25.38,1782.0,1.99938641898312,64.0436077883357,45.2,0.0,0.0,1650000.0,35.0,54.0,370.0,4.0,60.0,350000.0,,,,0.0,0.0,0.0
Brazil,2005,25.63,1782.0,1.9989539012045,63.5709200850907,46.1,0.0,0.0,0.0,47.0,0.0,0.0,2.0,4.0,0.0,,,,,,
Brazil,2006,25.46,1782.0,2.0017839938865,63.0982323818457,46.7,,,,20.0,0.0,0.0,,,,,,,,,
Brazil,2007,25.57,1761.0,2.08455456819624,62.6255446786007,47.2,0.0,0.0,0.0,69.0,80.0,125000.0,,,,,,,,,
Brazil,2008,25.29,1761.0,2.16791589555648,62.1528569753558,47.0,,,,200.0,27.0,1110000.0,3.0,0.0,0.0,,,,,,
Brazil,2009,25.49,1761.0,2.00677529327358,61.6801692721108,48.9,,,,90.0,0.0,600000.0,4.0,64.0,0.0,,,,,,
Brazil,2010,25.7,1761.0,2.27034083899082,61.2074815688658,46.8,0.0,0.0,0.0,363.0,403.0,802000.0,,,,,,,32.0,0.0,0.0
Brazil,2011,25.4,1761.0,2.37346407220956,61.023328156743,45.2,,,,978.0,0.0,1002000.0,,,,,,,,,
Brazil,2012,25.6,1761.0,2.52810306680631,60.8391747446202,43.5,0.0,0.0,1460000.0,3.0,0.0,171000.0,,,,,,,,,
Brazil,2013,25.53,1761.0,2.63609675534352,60.6550213324974,42.3,,,,119.0,144.0,545500.0,2.0,64.0,90000.0,,,,,,
Brazil,2014,25.7,1761.0,2.72958719215547,60.4708679203746,41.7,0.0,0.0,5000000.0,41.0,52.0,200000.0,,,,,,,,,
Brazil,2015,25.99,1761.0,2.56644717813364,60.2867384370207,43.7,,,,11.0,0.0,2000.0,2.0,97.0,2000.0,,,,,,
Brazil,2016,25.78,1761.0,2.3739483184063,60.0710205859198,45.4,,,,33.0,0.0,200000.0,,,,,,,,,
Brazil,2017,25.74,1761.0,2.41568284305132,59.8329293359527,45.3,,,,14.0,0.0,100000.0,,,,,,,,,
Brazil,2018,25.57,1761.0,2.28409517314385,59.7083800941358,46.9,,,,7.0,0.0,53000.0,,,,,,,,,
Brazil,2019,25.91,1761.0,2.25651425253649,59.5585860011916,47.5,,,,47.0,18.0,0.0,,,,0.0,2195.0,0.0,,,
Canada,2000,-4.25,537.0,17.6969816263129,38.7929818338782,20.3,,,,,,,11.0,140.0,13000.0,,,,,,
Canada,2001,-3.44,537.0,17.2242093262742,38.7876307080739,19.8,,,,,,,11.0,0.0,0.0,0.0,0.0,0.0,,,
Canada,2002,-4.47,537.0,17.6672529167598,38.7822795822695,20.1,,,,0.0,0.0,0.0,,,,0.0,0.0,0.0,,,
Canada,2003,-4.04,537.0,18.1301922122935,38.7769284564652,19.7,,,,4.0,0.0,35000.0,2.0,0.0,110000.0,1.0,0.0,545000.0,,,
Canada,2004,-4.87,537.0,17.5250534561294,38.7715773306609,20.4,,,,0.0,0.0,200000.0,0.0,0.0,100000.0,,,,,,
Canada,2005,-3.45,537.0,18.0225329540933,38.7662262048566,21.6,,,,4.0,0.0,357000.0,0.0,0.0,0.0,0.0,0.0,0.0,,,
Canada,2006,-2.85,537.0,17.6088453376577,38.7608750790522,21.5,,,,1.0,0.0,0.0,,,,,,,,,
Canada,2007,-4.23,537.0,18.0614265864767,38.7555239532479,21.6,,,,0.0,0.0,0.0,6.0,0.0,0.0,,,,,,
Canada,2008,-4.57,537.0,17.2814795355701,38.7501728274436,21.6,,,,0.0,0.0,0.0,,,,,,,,,
Canada,2009,-4.45,537.0,16.110707355373,38.7448217016393,22.2,,,,0.0,0.0,0.0,2.0,3.0,500000.0,,,,,,
Canada,2010,-2.64,537.0,16.5148773292354,38.7394705758349,21.4,,,,,,,0.0,0.0,0.0,,,,,,
Canada,2011,-3.93,537.0,16.7706629104953,38.7348640747569,21.5,,,,5.0,0.0,800000.0,2.0,20.0,0.0,1.0,0.0,1500000.0,,,
Canada,2012,-3.58,537.0,16.3415448128885,38.7302575736789,21.8,,,,0.0,0.0,34000.0,0.0,0.0,1050000.0,,,,,,
Canada,2013,-4.38,537.0,16.397634935751,38.7256510726009,22.2,,,,4.0,0.0,5700000.0,0.0,0.0,1410000.0,,,,10.0,0.0,200000.0
Canada,2014,-4.46,537.0,16.3820544895977,38.7210445715229,22.2,,,,0.0,4.0,129000.0,,,,,,,0.0,0.0,0.0
Canada,2015,-3.88,537.0,16.1640586572594,38.7164380704449,22.3,,,,,,,,,,0.0,0.0,0.0,,,
Canada,2016,-3.3,537.0,15.9473357598833,38.7120133755838,22.1,,,,0.0,0.0,0.0,,,,0.0,0.0,4000000.0,,,
Canada,2017,-3.81,537.0,16.2277461463686,38.7078876013737,22.8,,,,2.0,0.0,200000.0,,,,0.0,0.0,0.0,,,
Canada,2018,-4.61,537.0,16.5528683972161,38.7037629425392,22.3,,,,0.0,0.0,0.0,0.0,30.0,325000.0,0.0,0.0,0.0,70.0,0.0,0.0
Canada,2019,-4.34,537.0,16.1423151032491,38.6996371683291,22.4,,,,1.0,0.0,800000.0,1.0,0.0,275000.0,,,,,,
China,2000,7.25,645.0,2.90418209393773,18.8534727562839,29.6,0.0,0.0,796115.0,422.0,407.0,315366.0,162.0,724.0,260321.0,,,,,,
China,2001,7.61,645.0,3.02302606439439,19.1049681205612,28.4,0.0,0.0,0.0,402.0,3209.0,711000.0,344.0,86690.0,3587000.0,,,,,,
China,2002,7.83,645.0,3.24162605435801,19.3564538990231,27.0,0.0,0.0,1210000.0,1246.0,35596.0,4728800.0,108.0,394.0,218000.0,,,,7.0,3500.0,0.0
China,2003,7.54,645.0,3.71846041601987,19.6079386867747,23.9,0.0,0.0,0.0,662.0,151260.0,15329640.0,61.0,1282.0,537938.0,0.0,0.0,0.0,,,
China,2004,7.77,645.0,4.25958135138784,19.8594228667065,20.2,,,,450.0,14526.0,1985500.0,249.0,8353.0,2217980.0,,,,39.0,0.0,0.0
China,2005,7.5,645.0,4.80528434019575,20.1109081284255,17.4,0.0,0.0,0.0,578.0,324.0,4660860.0,426.0,2831.0,7161915.0,,,,0.0,200.0,0.0
China,2006,7.99,645.0,5.30270079785205,20.3623927769671,16.4,134.0,0.0,2910000.0,430.0,549.0,1687500.0,1500.0,6420.0,7859000.0,,,,,,
China,2007,8.18,645.0,5.73304043979558,20.6138778860824,14.9,,,,1030.0,4192.0,5023155.0,95.0,299.0,2639543.0,,,,,,
China,2008,7.63,645.0,5.87581400440115,20.8653616938384,14.1,0.0,0.0,234000.0,352.0,166.0,2392000.0,66.0,106.0,2015000.0,,,,145.0,0.0,21100000.0
China,2009,7.81,645.0,6.27210695130929,21.1168450517356,13.4,0.0,0.0,3600000.0,209.0,38.0,1373000.0,169.0,557.0,3601452.0,,,,,,
China,2010,7.59,645.0,6.82816644925451,21.3683288541342,12.3,0.0,0.0,2370000.0,1911.0,136.0,18171000.0,139.0,1290.0,871036.0,22.0,3.0,0.0,,,
China,2011,7.37,645.0,7.42320645931147,21.574627370433,11.3,,,,628.0,0.0,10704130.0,44.0,150.0,716585.0,,,,2.0,472.0,281000.0
China,2012,7.09,645.0,7.6044757382642,21.7809258867318,11.5,,,,622.0,0.0,14970333.0,75.0,7.0,3216000.0,,,,0.0,650.0,20200.0
China,2013,7.76,645.0,7.9165358997682,21.9872244030306,11.5,0.0,0.0,0.0,637.0,30.0,16598600.0,265.0,474.0,10787000.0,,,,40.0,0.0,0.0
China,2014,7.72,645.0,7.95775283192162,22.1935229193294,11.9,0.0,0.0,3680000.0,473.0,0.0,9667000.0,329.0,189.0,10069973.0,,,,,,
China,2015,8.0,645.0,7.81014936297885,22.3998214356282,12.2,0.0,0.0,2464000.0,310.0,0.0,6992000.0,119.0,185.0,8983690.0,,,,,,
China,2016,7.95,645.0,7.78579720274681,22.6305120997506,12.6,0.0,0.0,3000000.0,816.0,0.0,31793000.0,340.0,1895.0,7624160.0,,,,5.0,0.0,1600000.0
China,2017,8.13,645.0,7.90503403845396,22.8306567492632,13.1,0.0,0.0,122000.0,231.0,8.0,8446000.0,91.0,406.0,7381600.0,,,,,,
China,2018,7.79,645.0,8.24974792551826,23.0309079153534,13.5,,,,244.0,0.0,4569972.0,110.0,0.0,10675200.0,,,,,,
China,2019,8.04,645.0,8.41813886747955,23.2311590814436,14.3,,,,355.0,61.0,6605000.0,81.0,120.0,10539000.0,30.0,0.0,0.0,,,
Colombia,2000,24.54,2612.0,1.60077527887358,56.5439387111311,27.9,,,,113.0,0.0,0.0,,,,,,,,,
Colombia,2001,24.94,3240.0,1.56644815005628,56.3701928796755,27.1,,,,0.0,0.0,0.0,5.0,200.0,0.0,0.0,0.0,0.0,,,
Colombia,2002,25.09,3240.0,1.48206011802202,56.1964470482199,28.6,,,,65.0,13.0,0.0,,,,,,,,,
Colombia,2003,25.16,3240.0,1.44757991519204,56.0227012167643,30.6,,,,80.0,57.0,0.0,,,,,,,,,
Colombia,2004,24.95,3240.0,1.42708172180694,55.8489553853087,29.0,,,,115.0,120.0,0.0,,,,,,,,,
Colombia,2005,25.05,3240.0,1.44914745971638,55.6752095538531,28.9,,,,180.0,261.0,10000.0,0.0,0.0,0.0,,,,,,
Colombia,2006,24.92,3240.0,1.36249058468508,55.5014637223975,30.6,,,,150.0,227.0,0.0,,,,,,,,,
Colombia,2007,24.85,3240.0,1.39597265886956,55.3277178909419,31.0,,,,218.0,260.0,0.0,,,,,,,,,
Colombia,2008,24.58,3240.0,1.37793972815713,55.1539720594863,30.8,,,,87.0,91.0,0.0,,,,,,,,,
Colombia,2009,25.1,3240.0,1.44023222503143,54.9802262280306,31.4,,,,23.0,0.0,0.0,,,,,,,,,
Colombia,2010,25.23,3240.0,1.46890884646309,54.806480396575,30.6,,,,418.0,463.0,1000000.0,,,,31.0,0.0,0.0,,,
Colombia,2011,24.9,3240.0,1.56417595607422,54.6851410545291,29.6,,,,273.0,262.0,2320000.0,,,,,,,,,
Colombia,2012,25.11,3240.0,1.55461316336733,54.5638017124831,29.6,,,,77.0,18.0,102000.0,,,,,,,,,
Colombia,2013,25.31,3240.0,1.75354111356178,54.4424623704371,32.0,,,,7.0,0.0,2000.0,,,,,,,,,
Colombia,2014,25.45,3240.0,1.76463745238984,54.3211230283912,32.1,,,,77.0,0.0,8000.0,11.0,18.0,0.0,,,,,,
Colombia,2015,25.73,3240.0,1.77821602497257,54.1997836863452,31.1,0.0,0.0,0.0,0.0,0.0,0.0,,,,11.0,0.0,0.0,,,
Colombia,2016,25.66,3240.0,1.80981245390778,54.0419017575485,30.5,,,,10.0,0.0,0.0,,,,,,,,,
Colombia,2017,25.12,3240.0,1.62427693807315,53.8438666065795,32.2,,,,35.0,30.0,2000.0,0.0,0.0,0.0,,,,,,
Colombia,2018,25.02,3240.0,1.6726587429358,53.6642451554754,30.4,,,,26.0,0.0,0.0,,,,,,,,,
Colombia,2019,25.43,3240.0,1.65717970781629,53.4846327174403,31.5,,,,52.0,0.0,0.0,,,,,,,,,
France,2000,11.92,867.0,6.58601475170309,28.3662677428333,9.3,,,,5.0,12.0,0.0,6.0,7.0,0.0,,,,,,
France,2001,11.42,867.0,6.60551805162138,28.5761202337879,9.4,,,,3.0,1.0,132350.0,14.0,120.0,0.0,,,,,,
France,2002,11.86,867.0,6.46977417478915,28.7859727247426,8.7,,,,23.0,0.0,1190000.0,5.0,3.0,1000.0,,,,,,
France,2003,11.84,867.0,6.50351073106917,28.9958252156972,8.8,,,,10.0,0.0,1500000.0,6.0,70.0,50.0,5.0,4.0,0.0,19490.0,0.0,4400000.0
France,2004,11.35,867.0,6.47317992840037,29.2056777066518,8.9,,,,,,,11.0,0.0,0.0,,,,,,
France,2005,11.35,867.0,6.46027355059177,29.4155301976065,8.6,,,,3.0,0.0,0.0,,,,2.0,0.0,10000.0,8.0,0.0,0.0
France,2006,11.9,867.0,6.246640527631,29.6253826885611,8.5,,,,,,,5.0,2.0,0.0,,,,1388.0,0.0,0.0
France,2007,11.7,867.0,6.09641299350843,29.8352351795157,9.4,,,,,,,5.0,0.0,250000.0,,,,,,
France,2008,11.37,867.0,5.94956753165307,30.0450876704704,10.5,,,,,,,5.0,6.0,80000.0,,,,2.0,0.0,0.0
France,2009,11.71,867.0,5.72394220568724,30.254940161425,11.2,,,,,,,11.0,0.0,3200000.0,0.0,0.0,0.0,5.0,200.0,0.0
France,2010,10.61,867.0,5.80934663408268,30.4647926523796,11.9,,,,25.0,0.0,1500000.0,53.0,79.0,4230000.0,,,,3.0,0.0,0.0
France,2011,12.3,867.0,5.57559339237044,30.6195379905372,10.6,,,,6.0,0.0,0.0,0.0,0.0,0.0,,,,,,
France,2012,11.57,867.0,5.57648270706697,30.7742833286947,12.3,,,,,,,,,,,,,12.0,0.0,0.0
France,2013,11.1,867.0,5.4697532037822,30.9290286668522,13.4,,,,2.0,0.0,655000.0,2.0,0.0,0.0,,,,,,
France,2014,12.51,867.0,4.94763494553714,31.0837740050097,13.2,,,,14.0,0.0,303000.0,8.0,0.0,182000.0,,,,,,
France,2015,12.23,867.0,5.00350933229341,31.2385193431673,13.3,,,,20.0,0.0,924000.0,3.0,0.0,0.0,,,,3275.0,0.0,0.0
France,2016,11.77,867.0,5.03218147372949,31.3932646813248,14.2,,,,5.0,24.0,2400000.0,,,,,,,,,
France,2017,11.97,867.0,5.07106755400115,31.5480100194823,14.1,,,,1.0,0.0,0.0,2.0,11.0,100000.0,0.0,12.0,0.0,,,
France,2018,12.67,867.0,4.89336336861651,31.7027553576399,15.2,,,,14.0,76.0,712000.0,6.0,30.0,200000.0,,,,3.0,0.0,0.0
France,2019,12.39,867.0,4.78988465490837,31.8575006957974,15.5,,,,8.0,2.0,0.0,8.0,21.0,415000.0,,,,1435.0,0.0,0.0
Haiti,2000,24.73,1440.0,0.204091193813048,13.8116835994194,80.8,,,,16.0,0.0,0.0,,,,,,,,,
Haiti,2001,24.88,1440.0,0.204306616975236,13.8034470246734,80.9,,,,26.0,11.0,0.0,0.0,0.0,20.0,,,,,,
Haiti,2002,25.04,1440.0,0.226659081158241,13.7952104499274,79.1,,,,31.0,4.0,1000.0,4.0,0.0,0.0,,,,,,
Haiti,2003,25.02,1440.0,0.22110952712767,13.7869738751814,79.0,0.0,0.0,0.0,62.0,70.0,0.0,26.0,5.0,0.0,,,,,,
Haiti,2004,24.79,1440.0,0.200925606797465,13.7787373004354,81.1,,,,2665.0,153.0,0.0,2757.0,2620.0,51000.0,,,,,,
Haiti,2005,24.77,1440.0,0.201803874577005,13.7705007256894,81.1,,,,17.0,5.0,0.0,71.0,53.0,50500.0,,,,,,
Haiti,2006,24.78,1440.0,0.200823257088706,13.7622641509434,81.4,,,,11.0,10.0,0.0,5.0,0.0,0.0,,,,,,
Haiti,2007,24.76,1440.0,0.232927670266681,13.7540275761974,79.3,,,,61.0,92.0,0.0,102.0,141.0,0.0,,,,,,
Haiti,2008,24.52,1440.0,0.226896577339889,13.7457910014514,79.6,,,,,,,698.0,86.0,0.0,,,,,,
Haiti,2009,24.74,1440.0,0.219049719487355,13.7375544267054,80.3,,,,21.0,0.0,0.0,,,,,,,,,
Haiti,2010,24.66,1440.0,0.26498236205096,13.7293178519594,79.0,,,,44.0,2.0,0.0,27.0,67.0,0.0,,,,,,
Haiti,2011,24.54,1440.0,0.296866212723794,13.616618287373,79.0,,,,36.0,8.0,0.0,3.0,4.0,0.0,,,,,,
Haiti,2012,24.83,1440.0,0.273849325868483,13.5039187227866,82.2,,,,42.0,0.0,0.0,88.0,27.0,254000.0,,,,,,
Haiti,2013,25.07,1440.0,0.291214496219171,13.3912191582003,80.4,,,,6.0,0.0,0.0,,,,,,,,,
Haiti,2014,25.2,1440.0,0.311166188754039,13.2785195936139,77.8,0.0,0.0,2000.0,12.0,0.0,0.0,,,,,,,,,
Haiti,2015,25.41,1440.0,0.331979441316659,13.1658200290276,76.1,,,,6.0,0.0,0.0,5.0,3.0,0.0,,,,,,
Haiti,2016,25.25,1440.0,0.335240070779463,13.0529753265602,76.1,0.0,0.0,84000.0,53.0,7675.0,2000.0,546.0,439.0,2000000.0,,,,,,
Haiti,2017,25.17,1440.0,0.331492100855686,12.9401306240929,76.2,,,,31.0,0.0,0.0,4.0,17.0,0.0,,,,,,
Haiti,2018,25.09,1440.0,0.324473867949261,12.8272859216255,76.2,,,,,,,,,,,,,,,
Haiti,2019,25.38,1440.0,0.323642255408588,12.7144412191582,76.4,,,,14.0,3.0,0.0,,,,,,,,,
India,2000,24.8,1083.0,0.941139242916713,22.7334950003195,46.9,20.0,0.0,588000.0,2086.0,16.0,907500.0,0.0,0.0,0.0,,,,275.0,0.0,0.0
India,2001,24.93,1083.0,0.938682658523786,22.7975675957473,47.1,,,,581.0,40.0,361924.0,99.0,0.0,0.0,,,,173.0,0.0,0.0
India,2002,25.2,1083.0,0.956523083565259,22.8616401911751,45.8,0.0,0.0,910722.0,735.0,50.0,50772.0,144.0,250.0,416.0,,,,1930.0,0.0,0.0
India,2003,24.93,1083.0,0.968644599081604,22.9257127866029,45.6,,,,452.0,45.0,169000.0,164.0,4564.0,44000.0,,,,1610.0,0.0,400000.0
India,2004,25.03,1083.0,1.02713496240707,22.9897853820307,44.9,,,,1348.0,0.0,2776000.0,,,,,,,,,
India,2005,24.77,1083.0,1.05357135746307,23.0538579774586,44.2,,,,2129.0,71.0,6190000.0,82.0,90.0,0.0,,,,509.0,0.0,0.0
India,2006,25.03,1083.0,1.10701549074687,23.1179305728864,43.2,,,,1194.0,178.0,3390000.0,190.0,300.0,0.0,,,,47.0,0.0,0.0
India,2007,25.06,1083.0,1.1874471099305,23.1820031683142,41.5,,,,2051.0,8.0,376151.0,0.0,0.0,0.0,,,,185.0,25.0,0.0
India,2008,24.82,1083.0,1.24478231356937,23.246075763742,39.4,,,,1590.0,0.0,145000.0,111.0,50.0,25000.0,,,,70.0,0.0,0.0
India,2009,25.57,1083.0,1.34070298945647,23.3101483591698,37.4,0.0,0.0,0.0,1500.0,8.0,2434000.0,218.0,85.0,300000.0,,,,220.0,25.0,0.0
India,2010,25.51,1083.0,1.40226678905551,23.3742209545976,36.2,,,,690.0,225.0,2149000.0,287.0,80.0,0.0,,,,250.0,0.0,0.0
India,2011,24.88,1083.0,1.46709109594735,23.4638216864714,35.0,,,,608.0,0.0,1657000.0,106.0,50.0,375625.0,,,,212.0,0.0,0.0
India,2012,24.83,1083.0,1.58192315310593,23.5534224183453,34.8,,,,279.0,0.0,244000.0,40.0,0.0,0.0,,,,264.0,0.0,0.0
India,2013,24.71,1083.0,1.60762730152084,23.6430231502191,34.9,,,,6453.0,4473.0,1362000.0,106.0,4.0,895471.0,,,,557.0,0.0,0.0
India,2014,24.86,1083.0,1.70912130103464,23.732623882093,33.9,,,,622.0,0.0,16465000.0,119.0,84.0,7000000.0,,,,180.0,0.0,0.0
India,2015,24.98,1083.0,1.70187477972263,23.8222246139668,33.4,0.0,0.0,3000000.0,839.0,1025.0,2880000.0,212.0,100.0,1069000.0,,,,2248.0,0.0,0.0
India,2016,25.36,1083.0,1.71388197178672,23.9116908102072,33.0,,,,666.0,0.0,1499000.0,128.0,0.0,1000000.0,7.0,0.0,0.0,300.0,0.0,0.0
India,2017,25.23,1083.0,1.78999731844213,24.0014933455312,32.5,,,,1046.0,12.0,2117000.0,940.0,32.0,0.0,,,,264.0,0.0,0.0
India,2018,25.11,1083.0,1.8718236887863,24.0909595417716,32.9,0.0,0.0,1100000.0,710.0,69.0,2864980.0,625.0,650.0,2144000.0,17.0,0.0,0.0,44.0,0.0,0.0
India,2019,25.02,1083.0,1.8300789248723,24.1807620770956,33.5,,,,2023.0,60.0,10000000.0,172.0,0.0,1810000.0,,,,112.0,450.0,0.0
Indonesia,2000,25.86,2702.0,1.38418807411905,53.943528667353,45.6,,,,264.0,21.0,113000.0,,,,0.0,0.0,0.0,,,
Indonesia,2001,25.92,2702.0,1.45863468834129,53.8572019777163,44.3,,,,402.0,4.0,10000.0,,,,,,,,,
Indonesia,2002,26.06,2702.0,1.46322212683732,53.7708752880796,44.7,,,,230.0,750.0,351600.0,,,,0.0,200.0,0.0,,,
Indonesia,2003,25.92,2702.0,1.57139226933304,53.684548598443,43.0,0.0,0.0,1000.0,414.0,30.0,0.0,,,,,,,,,
Indonesia,2004,25.92,2702.0,1.58017941991504,53.5982219088063,41.5,,,,5.0,0.0,60000.0,4.0,0.0,0.0,,,,,,
Indonesia,2005,25.94,2702.0,1.57060210727476,53.5118952191696,41.6,,,,154.0,259.0,0.0,,,,0.0,0.0,0.0,,,
Indonesia,2006,25.83,2702.0,1.63894504151653,53.4255685295329,40.1,,,,645.0,97.0,107300.0,,,,0.0,200.0,14000.0,,,
Indonesia,2007,25.85,2702.0,1.69525705806233,53.3392418398962,40.0,,,,438.0,134.0,971000.0,,,,,,,,,
Indonesia,2008,25.72,2702.0,1.65423079997496,53.2529151502595,41.1,,,,112.0,0.0,1733.0,,,,,,,,,
Indonesia,2009,25.98,2702.0,1.69136729151269,53.1665884606228,38.2,,,,126.0,4.0,0.0,,,,,,,,,
Indonesia,2010,26.09,2702.0,1.80144503739144,53.0802617709861,36.0,,,,411.0,3424.0,78000.0,,,,,,,,,
Indonesia,2011,25.89,2702.0,2.00412047888782,52.586919226916,32.4,,,,62.0,0.0,0.0,,,,,,,,,
Indonesia,2012,25.99,2702.0,1.99554706542114,52.0935766828458,30.1,,,,41.0,25.0,0.0,21.0,60.0,1000.0,,,,,,
Indonesia,2013,26.06,2702.0,1.85645776868745,51.6002341387757,30.6,,,,89.0,0.0,3006000.0,,,,,,,,,
Indonesia,2014,26.04,2702.0,1.95132793342072,51.1068915947056,29.3,,,,77.0,0.0,928000.0,,,,,,,,,
Indonesia,2015,26.12,2702.0,1.95725313176892,50.6135490506354,26.6,11.0,0.0,0.0,9.0,0.0,235000.0,,,,19.0,0.0,1000000.0,,,
Indonesia,2016,26.24,2702.0,1.91619146584425,50.7434545269582,27.8,,,,89.0,0.0,108000.0,,,,,,,,,
Indonesia,2017,26.04,2702.0,2.00382979913667,50.0393338229866,25.2,,,,44.0,15.0,21000.0,11.0,35.0,0.0,,,,,,
Indonesia,2018,26.05,2702.0,2.21327139952212,49.7168177792076,22.0,,,,80.0,1.0,0.0,,,,,,,,,
Indonesia,2019,26.2,2702.0,2.338843802504,49.3942964092507,19.8,,,,326.0,1031.0,1318000.0,,,,0.0,0.0,0.0,,,
Italy,2000,13.47,832.0,7.98561409071824,28.3014561169763,5.1,,,,46.0,22.0,8050000.0,,,,,,,,,
Italy,2001,13.16,832.0,7.96943242745698,28.5242325458714,5.4,,,,2.0,0.0,100000.0,0.0,0.0,175000.0,,,,,,
Italy,2002,13.44,832.0,8.08143146491396,28.7470089747665,5.6,0.0,0.0,0.0,2.0,20.0,646000.0,,,,,,,,,
Italy,2003,13.47,832.0,8.38261568317766,28.9697854036616,6.2,,,,3.0,0.0,805000.0,,,,,,,20089.0,0.0,4400000.0
Italy,2004,12.9,832.0,8.51922036140892,29.1925618325567,5.9,,,,,,,2.0,0.0,0.0,,,,,,
Italy,2005,12.58,832.0,8.48411810733849,29.4153382614518,6.7,,,,,,,,,,,,,9.0,0.0,0.0
Italy,2006,13.29,832.0,8.3550096120948,29.6381146903469,7.5,,,,,,,1.0,0.0,0.0,,,,,,
Italy,2007,13.45,832.0,8.18159982205807,29.860891119242,8.7,,,,,,,,,,11.0,0.0,0.0,6.0,0.0,0.0
Italy,2008,13.29,832.0,7.85994962674364,30.0836675481371,10.8,,,,9.0,0.0,278000.0,,,,,,,,,
Italy,2009,13.36,832.0,6.95507585249875,30.3064439770322,12.5,,,,35.0,140.0,20000.0,3.0,0.0,0.0,2.0,0.0,115000.0,0.0,0.0,0.0
Italy,2010,12.68,832.0,7.08867441631442,30.5292204059273,12.8,,,,0.0,0.0,0.0,3.0,5.0,872000.0,,,,0.0,0.0,0.0
Italy,2011,13.64,832.0,6.91202457247417,30.7111775407652,11.9,,,,16.0,0.0,545000.0,,,,,,,10.0,0.0,0.0
Italy,2012,13.44,832.0,6.56004518397833,30.8931346756031,14.4,0.0,0.0,1190000.0,4.0,0.0,15000.0,,,,,,,45.0,0.0,132601.0
Italy,2013,13.13,832.0,6.00380891819292,31.075091810441,16.3,,,,18.0,0.0,780000.0,,,,,,,,,
Italy,2014,13.97,832.0,5.69211332353913,31.2570489452789,17.1,,,,10.0,1.0,837000.0,5.0,0.0,250000.0,,,,,,
Italy,2015,13.88,832.0,5.87784860950026,31.4390060801169,16.6,,,,6.0,0.0,274000.0,3.0,0.0,869000.0,,,,,,
Italy,2016,13.61,832.0,5.81295523099033,31.6209699781549,16.1,,,,2.0,0.0,100000.0,,,,,,,,,
Italy,2017,13.5,832.0,5.76535027385305,31.8029338761929,16.4,0.0,0.0,2300000.0,0.0,0.0,125000.0,13.0,0.0,219500.0,,,,,,
Italy,2018,14.19,832.0,5.662784695878,31.9848977742309,17.1,,,,10.0,0.0,0.0,12.0,0.0,1100000.0,,,,1.0,0.0,0.0
Italy,2019,13.97,832.0,5.56659661313055,32.1669704480973,17.3,,,,0.0,0.0,0.0,2.0,0.0,0.0,,,,3.0,0.0,0.0
Japan,2000,11.8,1668.0,9.84529536513643,68.2469135802469,3.7,,,,18.0,110.0,7440000.0,13.0,141.0,2050000.0,,,,,,
Japan,2001,11.49,1668.0,9.71476063516032,68.2716049382716,3.5,,,,1.0,0.0,0.0,22.0,368.0,1300000.0,,,,,,
Japan,2002,11.77,1668.0,9.96060653615285,68.2962962962963,3.7,,,,,,,7.0,255.0,25500.0,0.0,0.0,0.0,,,
Japan,2003,11.45,1668.0,9.99633019621353,68.320987654321,4.2,,,,23.0,14.0,7000.0,21.0,173.0,105000.0,,,,,,
Japan,2004,12.38,1668.0,9.9512691666471,68.3456790123457,4.3,,,,22.0,7.0,1950000.0,199.0,1483.0,15143500.0,,,,10.0,300.0,0.0
Japan,2005,11.48,1668.0,10.0413827647469,68.3703703703704,4.0,,,,0.0,0.0,0.0,135.0,1154.0,1033000.0,,,,,,
Japan,2006,11.68,1668.0,9.85733101819263,68.3950617283951,4.4,,,,42.0,32.0,0.0,20.0,715.0,2500000.0,,,,,,
Japan,2007,12.13,1668.0,10.1268794775041,68.4197530864198,4.3,,,,2.0,0.0,0.0,13.0,94.0,1060000.0,,,,62.0,3000.0,0.0
Japan,2008,11.81,1668.0,9.56528661674332,68.4444444444444,4.4,,,,5.0,3.0,0.0,,,,,,,47.0,0.0,0.0
Japan,2009,11.88,1668.0,9.07020156661226,68.4691358024691,4.5,,,,,,,16.0,119.0,1000000.0,,,,16.0,0.0,0.0
Japan,2010,12.15,1668.0,9.52958147887874,68.4938271604938,4.7,,,,10.0,0.0,0.0,,,,,,,170.0,0.0,0.0
Japan,2011,11.69,1668.0,9.961007721011,68.481755829904,4.8,,,,6.0,0.0,0.0,86.0,363.0,2520000.0,,,,36.0,22000.0,0.0
Japan,2012,11.49,1668.0,10.2743091303701,68.4696844993141,4.7,,,,30.0,0.0,1400000.0,143.0,2602.0,302400.0,,,,,,
Japan,2013,11.9,1668.0,10.4100600258935,68.4576131687243,5.0,,,,5.0,0.0,2000.0,57.0,1903.0,220200.0,,,,338.0,54000.0,0.0
Japan,2014,11.66,1668.0,10.0274639366416,68.4455418381344,5.6,,,,,,,129.0,4817.0,6641000.0,,,,27.0,17000.0,0.0
Japan,2015,12.19,1668.0,9.71691822464823,68.4334705075446,6.2,,,,21.0,46.0,1400000.0,11.0,205.0,230200.0,,,,39.0,14867.0,0.0
Japan,2016,12.3,1668.0,9.70188627278164,68.4224965706447,6.4,,,,7.0,0.0,0.0,25.0,70.0,100000.0,,,,11.0,1100.0,0.0
Japan,2017,11.66,1668.0,9.59147213558895,68.4087791495199,6.9,,,,37.0,34.0,700000.0,12.0,317.0,1502000.0,,,,,,
Japan,2018,12.25,1668.0,9.29901664682086,68.4087791495199,7.3,,,,246.0,102.0,9500000.0,24.0,800.0,17000000.0,,,,119.0,49000.0,0.0
Japan,2019,12.42,1668.0,8.99842379158671,68.4087791495199,7.8,,,,13.0,2.0,100000.0,102.0,641.0,26110000.0,,,,173.0,23947.0,0.0
Mexico,2000,21.32,752.0,4.02242412797852,35.1764963090614,12.2,,,,139.0,0.0,0.0,31.0,0.0,1000.0,,,,66.0,0.0,0.0
Mexico,2001,21.12,758.0,3.94369283983265,35.1025211553795,11.3,,,,21.0,0.0,0.0,5.0,0.0,401000.0,,,,,,
Mexico,2002,21.21,758.0,3.94818249826802,35.0285460016976,10.7,0.0,0.0,210000.0,37.0,0.0,0.0,16.0,230.0,840000.0,,,,50.0,0.0,0.0
Mexico,2003,21.32,758.0,4.08524049895262,34.9545708480156,10.2,,,,6.0,50.0,0.0,4.0,0.0,100000.0,0.0,0.0,0.0,21.0,0.0,0.0
Mexico,2004,21.08,758.0,4.12319826676846,34.8805956943337,10.2,,,,38.0,40.0,3600.0,,,,,,,14.0,0.0,0.0
Mexico,2005,21.41,758.0,4.22722561433396,34.8066205406518,10.3,,,,41.0,0.0,0.0,47.0,0.0,7910000.0,,,,,,
Mexico,2006,21.59,758.0,4.32537009970363,34.7326453869698,9.8,,,,0.0,0.0,0.0,15.0,0.0,2700.0,,,,5.0,0.0,0.0
Mexico,2007,21.19,758.0,4.32861291944168,34.6586702332879,9.5,,,,22.0,0.0,3000000.0,20.0,0.0,600000.0,,,,,,
Mexico,2008,21.19,758.0,4.2787664460404,34.584695079606,9.8,,,,12.0,0.0,0.0,2.0,0.0,75000.0,,,,,,
Mexico,2009,21.59,758.0,4.12095937274701,34.510719925924,9.2,,,,28.0,14.0,0.0,4.0,0.0,40000.0,,,,,,
Mexico,2010,20.97,758.0,4.19738559393691,34.4367447722421,9.4,,,,66.0,0.0,16000.0,43.0,0.0,5900000.0,,,,,,
Mexico,2011,21.73,758.0,4.2216609449848,34.3737390364979,9.1,0.0,0.0,0.0,77.0,0.0,0.0,43.0,0.0,97700.0,0.0,0.0,0.0,3.0,0.0,500000.0
Mexico,2012,21.92,758.0,4.33344945678331,34.3107333007536,9.0,,,,,,,19.0,0.0,855000.0,,,,,,
Mexico,2013,21.33,758.0,4.17439314596324,34.2477275650094,9.2,,,,13.0,0.0,0.0,210.0,0.0,5702000.0,,,,,,
Mexico,2014,21.5,758.0,4.0140164992127,34.1847218292652,9.8,,,,,,,19.0,135.0,2541500.0,,,,,,
Mexico,2015,21.69,758.0,4.04965029740162,34.1217160935209,9.2,,,,0.0,0.0,0.0,42.0,458.0,825000.0,,,,,,
Mexico,2016,21.95,758.0,4.0599543149425,34.0559942385349,9.2,,,,25.0,0.0,25000.0,65.0,0.0,50000.0,,,,,,
Mexico,2017,22.18,758.0,4.05637657039332,33.9902672393837,10.1,,,,2.0,0.0,0.0,29.0,0.0,2000.0,,,,,,
Mexico,2018,21.78,758.0,3.82148846798022,33.9247408626765,10.3,,,,20.0,0.0,0.0,20.0,0.0,543805.0,,,,,,
Mexico,2019,21.91,758.0,3.85856547199239,33.858895547725,10.3,,,,12.0,0.0,0.0,4.0,0.0,383000.0,,,,,,
Nepal,2000,14.01,1500.0,0.139298830640235,40.3261946285316,88.3,,,,144.0,70.0,6300.0,,,,,,,,,
Nepal,2001,14.15,1500.0,0.146508073918091,40.4526473665853,87.8,,,,,,,,,,,,,,,
Nepal,2002,14.35,1500.0,0.117817609796462,40.579100104639,90.0,,,,,,,,,,,,,60.0,200.0,0.0
Nepal,2003,14.13,1500.0,0.131886485130967,40.7055528426927,89.4,,,,239.0,284.0,0.0,,,,,,,48.0,0.0,0.0
Nepal,2004,14.34,1500.0,0.112493319664141,40.8320055807464,90.3,,,,185.0,15.0,0.0,,,,,,,,,
Nepal,2005,14.15,1500.0,0.124506555779294,40.9584583188001,89.5,,,,51.0,0.0,0.0,,,,,,,,,
Nepal,2006,14.47,1500.0,0.102098874759203,41.0849110568539,91.2,0.0,0.0,0.0,0.0,0.0,0.0,,,,,,,,,
Nepal,2007,14.4,1500.0,0.104205193782464,41.2113637949076,91.3,,,,214.0,48.0,2400.0,,,,,,,,,
Nepal,2008,14.07,1500.0,0.114301436489324,41.3378165329613,90.5,,,,115.0,3.0,29.0,,,,,,,,,
Nepal,2009,14.85,1500.0,0.149552672345949,41.464269271015,88.9,0.0,0.0,0.0,117.0,62.0,60000.0,,,,,,,18.0,0.0,0.0
Nepal,2010,14.87,1500.0,0.174991163761827,41.5907220090687,87.3,,,,150.0,0.0,0.0,,,,,,,,,
Nepal,2011,14.12,1500.0,0.195175632946305,41.5907220090687,87.0,,,,104.0,32.0,0.0,,,,,,,42.0,0.0,123.0
Nepal,2012,14.12,1500.0,0.226065706031778,41.5907220090687,84.7,,,,72.0,5.0,1000.0,,,,,,,49.0,0.0,0.0
Nepal,2013,13.94,1500.0,0.228191406769323,41.5907220090687,86.0,,,,195.0,35.0,0.0,,,,,,,,,
Nepal,2014,14.04,1500.0,0.265672943806403,41.5907220090687,84.0,,,,318.0,149.0,0.0,83.0,175.0,0.0,,,,,,
Nepal,2015,14.11,1500.0,0.263139650115375,41.5907220090687,85.2,,,,,,,,,,,,,,,
Nepal,2016,14.7,1500.0,0.385015994369902,41.5907220090687,79.4,,,,163.0,74.0,15000.0,,,,11.0,0.0,0.0,,,
Nepal,2017,14.49,1500.0,0.471203399718784,41.5907220090687,76.8,,,,187.0,134.0,595000.0,,,,,,,,,
Nepal,2018,14.28,1500.0,0.530230231538533,41.5907220090687,75.0,,,,15.0,6.0,0.0,,,,,,,50.0,0.0,0.0
Nepal,2019,14.04,1500.0,0.473719634051644,41.5907220090687,78.2,,,,119.0,41.0,204000.0,28.0,612.0,0.0,,,,,,
Pakistan,2000,21.53,494.0,0.722280672462726,5.85209111664591,51.0,,,,,,,,,,,,,24.0,0.0,0.0
Pakistan,2001,21.7,494.0,0.715435117098944,5.79792834163553,51.5,,,,210.0,179.0,246000.0,4.0,0.0,0.0,,,,0.0,0.0,0.0
Pakistan,2002,21.77,494.0,0.694198814405233,5.74376556662516,51.4,,,,37.0,10.0,30.0,14.0,12.0,0.0,,,,113.0,24.0,0.0
Pakistan,2003,21.23,494.0,0.702938338048544,5.68960279161478,50.1,,,,266.0,476.0,0.0,51.0,57.0,0.0,,,,200.0,0.0,0.0
Pakistan,2004,21.9,494.0,0.767198720269024,5.6354400166044,47.9,,,,5.0,0.0,0.0,,,,,,,,,
Pakistan,2005,21.03,494.0,0.763118545814938,5.58127724159402,48.0,,,,636.0,470.0,30000.0,58.0,0.0,0.0,,,,106.0,200.0,0.0
Pakistan,2006,21.67,494.0,0.808545330660399,5.52711446658364,47.0,,,,400.0,525.0,0.0,,,,,,,84.0,100.0,0.0
Pakistan,2007,21.63,494.0,0.877730305454947,5.47295169157327,44.9,,,,526.0,206.0,327118.0,242.0,0.0,1620000.0,,,,,,
Pakistan,2008,21.49,494.0,0.82505768773704,5.41878891656289,46.6,,,,83.0,12.0,103000.0,,,,,,,,,
Pakistan,2009,22.03,494.0,0.823380768791772,5.36462614155251,46.4,,,,102.0,80.0,0.0,,,,,,,,,
Pakistan,2010,22.09,494.0,0.781107932121358,5.31046336654213,47.4,,,,2113.0,2946.0,9500000.0,23.0,0.0,80000.0,,,,,,
Pakistan,2011,21.7,494.0,0.761781092557542,5.26865919468659,46.8,,,,509.0,755.0,2500000.0,,,,,,,,,
Pakistan,2012,21.15,494.0,0.756405714192846,5.22685502283105,47.2,,,,518.0,2902.0,2500000.0,,,,,,,,,
Pakistan,2013,21.7,494.0,0.761674184204744,5.18505085097551,48.1,,,,268.0,912.0,1500000.0,,,,,,,,,
Pakistan,2014,21.31,494.0,0.789553024116013,5.14324667911997,47.2,,,,255.0,673.0,2000000.0,16.0,82.0,0.0,,,,139.0,0.0,18000.0
Pakistan,2015,21.6,494.0,0.820351031478849,5.10144250726443,45.9,,,,367.0,499.0,1000.0,,,,,,,1229.0,0.0,0.0
Pakistan,2016,22.21,494.0,0.893837153310713,5.01795350767954,43.7,,,,369.0,267.0,2000.0,34.0,191.0,0.0,,,,,,
Pakistan,2017,21.95,494.0,0.955178531852753,4.99418845994188,42.1,,,,180.0,817.0,110000.0,26.0,113.0,0.0,,,,,,
Pakistan,2018,22.24,494.0,0.891393767524322,4.94056143628061,43.4,,,,60.0,0.0,0.0,,,,,,,180.0,0.0,0.0
Pakistan,2019,21.43,494.0,0.862094995565853,4.88693441261934,45.9,77.0,0.0,0.0,206.0,97.0,0.0,39.0,135.0,0.0,,,,,,
Peru,2000,19.39,1738.0,1.08969619184001,58.8264296875,38.6,,,,22.0,0.0,0.0,,,,,,,,,
Peru,2001,19.33,1738.0,0.998950438762287,58.72892734375,41.2,,,,15.0,10.0,0.0,,,,,,,,,
Peru,2002,19.66,1738.0,1.02970450579457,58.631425,40.2,0.0,0.0,0.0,23.0,14.0,0.0,59.0,0.0,0.0,,,,,,
Peru,2003,19.62,1738.0,0.998894508400685,58.53392265625,40.9,,,,22.0,12.0,0.0,,,,,,,339.0,0.0,0.0
Peru,2004,19.72,1738.0,1.1423518222445,58.4364203125,37.8,0.0,0.0,0.0,0.0,0.0,0.0,,,,,,,90.0,1800000.0,0.0
Peru,2005,19.58,1738.0,1.13289904552051,58.33891796875,38.4,,,,,,,,,,,,,,,
Peru,2006,19.68,1738.0,1.1115963213602,58.241415625,38.7,0.0,0.0,0.0,0.0,0.0,0.0,,,,,,,,,
Peru,2007,19.2,1738.0,1.20469884036139,58.14391328125,36.0,,,,17.0,11.0,0.0,,,,,,,67.0,0.0,0.0
Peru,2008,19.36,1738.0,1.35760104245821,58.0464109375,33.7,,,,40.0,12.0,0.0,,,,,,,,,
Peru,2009,19.72,1738.0,1.45239209959881,57.94890859375,32.9,,,,158.0,422.0,0.0,,,,,,,274.0,24262.0,0.0
Peru,2010,19.67,1738.0,1.57606305627456,57.85140625,32.2,,,,20.0,0.0,0.0,,,,,,,409.0,0.0,0.0
Peru,2011,19.46,1738.0,1.67801514096021,57.7177703125,30.6,,,,72.0,107.0,0.0,16.0,0.0,0.0,,,,20.0,0.0,0.0
Peru,2012,19.61,1738.0,1.66202679181706,57.584134375,30.8,,,,14.0,29.0,0.0,,,,,,,252.0,0.0,0.0
Peru,2013,19.29,1738.0,1.68743164135633,57.4504984375,28.4,,,,68.0,387.0,0.0,,,,,,,1.0,0.0,0.0
Peru,2014,19.68,1738.0,1.76795416469733,57.3168625,28.6,,,,41.0,0.0,0.0,,,,,,,505.0,0.0,0.0
Peru,2015,20.2,1738.0,1.80225296806052,57.1832265625,27.4,,,,9.0,55.0,0.0,,,,,,,21.0,0.0,94000.0
Peru,2016,20.13,1738.0,1.86257629389331,57.03928125,27.2,,,,2.0,0.0,2000.0,,,,,,,,,
Peru,2017,19.94,1738.0,1.76238594560569,56.902171875,27.6,,,,200.0,505.0,3200000.0,,,,,,,,,
Peru,2018,19.57,1738.0,1.73484298998946,56.77815625,27.9,,,,,,,,,,,,,,,
Peru,2019,19.88,1738.0,1.7923189290075,56.643125,27.1,,,,61.0,79.0,0.0,,,,0.0,0.0,0.0,,,
Philippines,2000,26.32,2348.0,0.932441190842665,24.5137337760338,33.9,,,,55.0,0.0,4080.0,394.0,355.0,83464.0,,,,,,
Philippines,2001,26.34,2348.0,0.880483904667689,24.3562598517624,32.9,,,,43.0,0.0,8000.0,587.0,480.0,99061.0,,,,,,
Philippines,2002,26.22,2348.0,0.877841281830554,24.198785927491,31.8,0.0,0.0,453.0,90.0,67.0,1842.0,215.0,66.0,13534.0,,,,,,
Philippines,2003,26.07,2348.0,0.882266977931022,24.0413120032196,30.9,,,,0.0,0.0,0.0,95.0,21.0,35302.0,,,,,,
Philippines,2004,26.17,2348.0,0.875840435405474,23.8838380789483,30.2,,,,49.0,0.0,0.0,1861.0,1315.0,138867.0,,,,,,
Philippines,2005,26.27,2348.0,0.896020428658156,23.7263641546769,31.3,,,,5.0,0.0,515.0,34.0,0.0,2000.0,,,,,,
Philippines,2006,26.32,2348.0,0.792682424086449,23.5688902304055,33.3,,,,36.0,0.0,14157.0,1805.0,2659.0,330921.0,,,,,,
Philippines,2007,26.34,2348.0,0.844793242470968,23.4114163061341,32.4,0.0,0.0,0.0,40.0,0.0,6600.0,89.0,24.0,10215.0,,,,,,
Philippines,2008,26.04,2348.0,0.838628467732074,23.2539423818627,33.9,,,,116.0,41.0,39577.0,819.0,946.0,441625.0,,,,,,
Philippines,2009,26.08,2348.0,0.833016101733075,23.0964684575913,34.1,,,,55.0,15.0,29314.0,1242.0,867.0,932703.0,,,,,,
Philippines,2010,26.26,2348.0,0.881750415532953,22.9389945333199,32.7,,,,162.0,22.0,50589.0,212.0,133.0,284420.0,,,,,,
Philippines,2011,26.02,2348.0,0.86071646771526,23.055994902237,33.8,,,,122.0,190.0,202787.0,1782.0,6291.0,527238.0,,,,,,
Philippines,2012,26.36,2348.0,0.893216298210684,23.172995271154,34.1,,,,157.0,16.0,75330.0,2039.0,2724.0,918137.0,,,,,,
Philippines,2013,26.36,2348.0,0.954798181627522,23.2899956400711,33.1,,,,105.0,59.0,2234788.0,7415.0,28858.0,10136563.0,,,,,,
Philippines,2014,26.23,2348.0,1.002138152997,23.4069960089882,32.4,,,,5.0,0.0,0.0,326.0,2269.0,1062899.0,,,,,,
Philippines,2015,26.45,2348.0,1.07452934202078,23.5239963779052,30.8,0.0,0.0,84399.0,53.0,0.0,200.0,148.0,131.0,1881367.0,,,,,,
Philippines,2016,26.8,2348.0,1.13620258650246,23.6410101619881,28.6,,,,45.0,0.0,9320.0,34.0,2.0,170754.0,,,,,,
Philippines,2017,26.35,2348.0,1.25437278109918,23.758023946071,27.8,,,,22.0,0.0,8100.0,200.0,88.0,132776.0,,,,,,
Philippines,2018,26.54,2348.0,1.29093253096756,23.8750041922393,27.6,,,,11.0,0.0,0.0,302.0,254.0,592092.0,,,,,,
Philippines,2019,26.6,2348.0,1.33475495796509,23.9920179763222,26.9,0.0,0.0,0.0,0.0,0.0,0.0,92.0,692.0,538313.0,,,,,,
Sri Lanka,2000,27.07,1712.0,0.594244954686801,34.546643278584,64.2,,,,5.0,0.0,3000.0,5.0,0.0,0.0,,,,,,
Sri Lanka,2001,27.22,1712.0,0.580208671656166,34.4464997608037,62.9,0.0,0.0,0.0,0.0,0.0,0.0,,,,,,,,,
Sri Lanka,2002,27.32,1712.0,0.600679035060118,34.3463562430234,62.1,,,,2.0,0.0,0.0,,,,,,,,,
Sri Lanka,2003,27.3,1712.0,0.644427058969589,34.2462127252432,61.3,,,,235.0,0.0,29000.0,,,,,,,,,
Sri Lanka,2004,27.04,1712.0,0.660944896118776,34.1460692074629,61.6,,,,6.0,0.0,0.0,,,,,,,,,
Sri Lanka,2005,27.2,1712.0,0.713678573032634,34.0459256896827,60.1,,,,6.0,0.0,0.0,,,,,,,,,
Sri Lanka,2006,27.16,1712.0,0.648203301318945,33.9457821719024,62.2,,,,25.0,2.0,3000.0,,,,,,,,,
Sri Lanka,2007,27.1,1712.0,0.689148175592636,33.8456386541221,60.2,,,,33.0,0.0,50.0,,,,,,,,,
Sri Lanka,2008,27.03,1712.0,0.644866752647608,33.7454951363419,61.6,,,,48.0,0.0,0.0,9.0,0.0,0.0,,,,,,
Sri Lanka,2009,27.41,1712.0,0.615515140244459,33.6453516185616,63.5,,,,3.0,0.0,0.0,,,,,,,,,
Sri Lanka,2010,27.43,1712.0,0.647384567401384,33.5452081007814,61.9,,,,35.0,10.0,105000.0,,,,,,,,,
Sri Lanka,2011,27.26,1712.0,0.757126167734968,33.625578057726,56.4,,,,65.0,51.0,500000.0,22.0,41.0,0.0,,,,,,
Sri Lanka,2012,27.45,1712.0,0.845222395396236,33.7059480146707,52.9,0.0,0.0,0.0,53.0,21.0,1200.0,0.0,0.0,57000.0,,,,,,
Sri Lanka,2013,27.19,1712.0,0.720699538498907,33.7863179716154,56.9,,,,110.0,15.0,2000.0,7.0,0.0,0.0,,,,,,
Sri Lanka,2014,27.35,1712.0,0.860482240831649,33.86668792856,54.2,0.0,0.0,25000.0,95.0,29.0,2000.0,,,,,,,,,
Sri Lanka,2015,27.32,1712.0,0.939833094897473,34.3951658507424,51.3,,,,10.0,9.0,0.0,,,,,,,,,
Sri Lanka,2016,27.7,1712.0,1.10726106841435,34.3441099962839,45.1,0.0,0.0,20000.0,203.0,0.0,1200000.0,,,,,,,,,
Sri Lanka,2017,27.42,1712.0,1.09112478441244,34.2930541418254,45.8,,,,302.0,154.0,389000.0,27.0,77.0,346000.0,,,,,,
Sri Lanka,2018,27.32,1712.0,1.01430087678819,34.2580499159447,47.9,,,,34.0,0.0,0.0,,,,,,,,,
Sri Lanka,2019,27.65,1712.0,1.09945420354997,34.2067102490331,46.1,0.0,0.0,0.0,30.0,15.0,0.0,,,,,,,,,
Tajikistan,2000,4.21,691.0,0.443057662733592,2.92940840240069,62.4,0.0,0.0,57000.0,,,,,,,,,,,,
Tajikistan,2001,4.45,691.0,0.427897406380177,2.92940840240069,64.1,,,,0.0,0.0,0.0,0.0,0.0,234.0,,,,,,
Tajikistan,2002,4.29,691.0,0.421837052673673,2.92940840240069,64.2,,,,32.0,13.0,2836.0,,,,,,,,,
Tajikistan,2003,3.72,691.0,0.422943347488014,2.92940840240069,64.6,,,,6.0,0.0,20000.0,,,,,,,,,
Tajikistan,2004,4.71,691.0,0.493612664782381,2.92940840240069,61.4,,,,0.0,0.0,12000.0,,,,,,,,,
Tajikistan,2005,4.27,691.0,0.460798414953962,2.92940840240069,63.7,,,,8.0,0.0,50000.0,,,,,,,,,
Tajikistan,2006,4.35,691.0,0.4944339167356,2.92940840240069,61.6,,,,,,,,,,,,,,,
Tajikistan,2007,4.36,691.0,0.562959614715566,2.92940840240069,53.8,,,,22.0,0.0,0.0,,,,,,,,,
Tajikistan,2008,3.9,691.0,0.516542904498431,2.92940840240069,54.6,0.0,0.0,0.0,,,,,,,,,,0.0,0.0,840000.0
Tajikistan,2009,4.2,691.0,0.407183758042143,2.92940840240069,60.6,,,,21.0,0.0,1000.0,,,,,,,,,
Tajikistan,2010,4.73,691.0,0.401312521554425,2.92940840240069,61.8,,,,75.0,300.0,204000.0,,,,,,,,,
Tajikistan,2011,3.93,691.0,0.393902196673774,2.94627036296085,60.0,,,,0.0,0.0,0.0,,,,,,,,,
Tajikistan,2012,3.56,691.0,0.436980695485598,2.96313232352101,55.8,,,,0.0,0.0,760.0,,,,,,,1.0,0.0,0.0
Tajikistan,2013,4.68,691.0,0.437376258469921,2.97999428408117,55.1,,,,,,,,,,,,,0.0,0.0,0.0
Tajikistan,2014,3.62,691.0,0.565909509549048,3.0222068508351,45.9,,,,20.0,38.0,2000.0,,,,,,,,,
Tajikistan,2015,4.61,691.0,0.589043758329631,3.0391238561856,48.1,,,,0.0,0.0,0.0,,,,,,,,,
Tajikistan,2016,4.98,691.0,0.644658005730218,3.0391238561856,43.7,,,,4.0,0.0,0.0,,,,,,,,,
Tajikistan,2017,4.29,691.0,0.763123619708944,3.0391238561856,44.2,,,,0.0,0.0,0.0,,,,,,,,,
Tajikistan,2018,4.5,691.0,0.881455514700076,3.0391238561856,41.6,,,,6.0,0.0,0.0,,,,,,,,,
Tajikistan,2019,4.8,691.0,0.948586805031623,3.0463289862382,40.1,,,,4.0,0.0,0.0,,,,,,,,,
United States,2000,,715.0,21.0126181548683,33.1301735880689,5.4,0.0,0.0,1100000.0,8.0,0.0,286000.0,105.0,351.0,1865600.0,14.0,2.0,2500000.0,35.0,0.0,0.0
United States,2001,,715.0,20.6263138382916,33.1867556145437,4.7,,,,12.0,0.0,33000.0,82.0,251.0,6328800.0,2.0,10.0,0.0,56.0,0.0,0.0
United States,2002,,715.0,19.9111727323552,33.2433376410185,4.8,0.0,0.0,3300000.0,26.0,0.0,1013000.0,190.0,317.0,6275000.0,0.0,11.0,232100.0,14.0,0.0,0.0
United States,2003,,715.0,19.9687524573828,33.2999196674933,5.3,,,,24.0,0.0,123000.0,172.0,421.0,15148400.0,18.0,144.0,3500000.0,,,
United States,2004,,715.0,20.0821970782783,33.3565016939681,5.5,,,,1.0,0.0,505500.0,215.0,57.0,55224770.0,0.0,5.0,0.0,3.0,0.0,0.0
United States,2005,,715.0,19.9254743047446,33.4130837204429,5.8,,,,53.0,8.0,730330.0,1882.0,8.0,158230000.0,5.0,0.0,100000.0,33.0,31.0,0.0
United States,2006,,715.0,19.4054745883831,33.4696657469177,6.4,,,,40.0,10.0,1478500.0,93.0,258.0,4727860.0,5.0,18.0,66000.0,188.0,0.0,0.0
United States,2007,,715.0,19.4964902822967,33.5262477733925,6.3,0.0,0.0,300000.0,80.0,40.0,728000.0,245.0,417.0,5820000.0,8.0,64.0,2815000.0,,,
United States,2008,,715.0,18.709751708786,33.6360635020585,6.8,,,,44.0,148.0,10002000.0,258.0,597.0,45760000.0,1.0,20.0,2102000.0,0.0,0.0,0.0
United States,2009,,715.0,17.1897216706835,33.6927352193296,7.3,,,,11.0,60.0,666000.0,74.0,158.0,10390000.0,2.0,29.0,100000.0,58.0,0.0,1100000.0
United States,2010,,715.0,17.8479554089629,33.7494069366007,7.4,,,,20.0,0.0,0.0,118.0,241.0,9150000.0,,,,,,
United States,2011,,715.0,17.0213053953425,33.7794700582241,8.4,0.0,0.0,8000000.0,17.0,0.0,6600000.0,762.0,3593.0,43450000.0,8.0,5.0,1383000.0,22.0,0.0,0.0
United States,2012,,715.0,16.1863895270629,33.8095331798474,8.5,0.0,0.0,20000000.0,2.0,0.0,174000.0,190.0,437.0,77497000.0,3.0,0.0,800000.0,123.0,0.0,0.0
United States,2013,,715.0,16.4969524063684,33.8395963014708,8.9,,,,31.0,0.0,2277000.0,140.0,985.0,14602000.0,22.0,17.0,708400.0,19.0,0.0,200000.0
United States,2014,,715.0,16.4258340507269,33.8696594230942,9.0,0.0,0.0,2200000.0,2.0,0.0,1690000.0,136.0,51.0,9568000.0,2.0,0.0,100000.0,21.0,0.0,2500000.0
United States,2015,,715.0,15.9508362566966,33.8997225447175,8.9,0.0,0.0,4500000.0,98.0,50.0,3402000.0,218.0,176.0,15720000.0,12.0,8.0,1952000.0,,,
United States,2016,,715.0,15.5053254577246,33.8997225447175,9.3,,,,54.0,0.0,15150000.0,199.0,98.0,28050000.0,16.0,191.0,1500000.0,,,
United States,2017,,715.0,15.1856526843724,33.8669264120375,9.7,0.0,0.0,2500000.0,30.0,70.0,1700000.0,261.0,303.0,171110000.0,45.0,187.0,15200000.0,,,
United States,2018,,715.0,15.578855476991,33.8669264120375,9.9,0.0,0.0,3000000.0,7.0,0.0,775000.0,158.0,18.0,38875000.0,104.0,3.0,22700000.0,,,
United States,2019,,715.0,15.0410554761903,33.8669264120375,10.2,,,,10.0,0.0,10000000.0,139.0,321.0,11325000.0,3.0,14.0,1625000.0,,,
Vietnam,2000,24.49,,,,,,,,496.0,7.0,265000.0,23.0,169.0,26035.0,,,,,,
Vietnam,2001,24.69,,,,,,,,339.0,6.0,88700.0,53.0,89.0,83200.0,,,,,,
Vietnam,2002,24.8,,,,,0.0,0.0,200000.0,147.0,116.0,84100.0,0.0,0.0,100.0,0.0,0.0,0.0,,,
Vietnam,2003,24.85,,,,,,,,128.0,63.0,105000.0,0.0,18.0,0.0,,,,,,
Vietnam,2004,24.61,,,,,,,,96.0,18.0,8000.0,70.0,5.0,30000.0,,,,,,
Vietnam,2005,24.76,,,,,0.0,0.0,42120.0,192.0,3.0,54000.0,116.0,28.0,250250.0,,,,,,
Vietnam,2006,24.91,,,,,,,,178.0,120.0,9000.0,401.0,1890.0,1090000.0,,,,,,
Vietnam,2007,24.67,,,,,,,,230.0,172.0,790000.0,96.0,150.0,191000.0,,,,,,
Vietnam,2008,24.23,,,,,,,,157.0,4.0,483000.0,254.0,159.0,190500.0,,,,,,
Vietnam,2009,24.79,,,,,,,,37.0,0.0,0.0,306.0,1005.0,1065200.0,,,,,,
Vietnam,2010,25.01,,,,,,,,186.0,83.0,660200.0,35.0,20.0,44500.0,,,,,,
Vietnam,2011,24.15,,,,,,,,122.0,14.0,219002.0,16.0,63.0,0.0,,,,,,
Vietnam,2012,24.86,,,,,,,,34.0,40.0,30000.0,38.0,107.0,342800.0,,,,,,
Vietnam,2013,24.67,,,,,,,,141.0,66.0,78500.0,74.0,584.0,1474230.0,,,,,,
Vietnam,2014,24.84,,,,,,,,,,,38.0,0.0,10700.0,,,,,,
Vietnam,2015,25.24,,,,,0.0,0.0,6750000.0,34.0,0.0,204000.0,18.0,0.0,12800.0,,,,,,
Vietnam,2016,25.13,,,,,,,,91.0,50.0,161280.0,71.0,20.0,685157.0,,,,,,
Vietnam,2017,24.81,,,,,,,,137.0,63.0,177655.0,147.0,113.0,2985000.0,,,,,,
Vietnam,2018,24.79,,,,,,,,67.0,18.0,48000.0,67.0,28.0,239200.0,,,,,,
Vietnam,2019,25.33,,,,,0.0,0.0,0.0,55.0,10.0,45000.0,4.0,14.0,4000.0,,,,,,
World,2000,,,4.01431105268727,32.373759569026,17.5262813966932,59.0,0.0,3655165.0,6025.0,1509.0,25803502.0,1354.0,4384.0,12959580.0,47.0,58.0,2558913.0,934.0,1709.0,370159.0
World,2001,,,4.01370329181194,32.3344314178347,17.2141012541802,108.0,0.0,36400.0,5014.0,4768.0,4752612.0,1911.0,92028.0,14545012.0,33.0,10.0,90000.0,1787.0,2311.0,200110.0
World,2002,,,4.01751514643519,32.2953595345931,17.2206557859887,579.0,0.0,7871475.0,4177.0,38895.0,26364511.0,1382.0,3912.0,14749852.0,6.0,715.0,362100.0,3369.0,3786.0,0.0
World,2003,,,4.15489517681896,32.2539212599977,17.067470633117,9.0,0.0,691000.0,3910.0,153150.0,20865648.0,1049.0,9889.0,21362690.0,47.0,298.0,6095000.0,74698.0,200.0,12520000.0
World,2004,,,4.28638947772331,32.1772151348171,16.7834791518651,80.0,0.0,2991275.0,6982.0,15877.0,10383038.0,6547.0,18803.0,84227635.0,14.0,105.0,3000.0,255.0,1800413.0,0.0
World,2005,,,4.39248261566189,32.1369399989646,16.6370993331808,149.0,0.0,462120.0,5754.0,1921.0,17939670.0,5251.0,6907.0,184793461.0,45.0,157.0,3850000.0,2627.0,12700.0,1400000.0
World,2006,,,4.48182385476563,32.0985781567973,16.7290772224366,134.0,0.0,3135573.0,5843.0,2199.0,7805942.0,4329.0,14248.0,17702835.0,13.0,218.0,839000.0,3749.0,300.0,0.0
World,2007,,,4.59171360897313,32.0594407969041,16.5374660334277,0.0,0.0,706000.0,8607.0,6650.0,24586067.0,6035.0,57003.0,29558736.0,148.0,182.0,4597454.0,1086.0,3164.0,0.0
World,2008,,,4.56376544213623,32.0242370807185,16.6569817886533,8.0,0.0,234000.0,4007.0,973.0,19619144.0,140985.0,23460.0,60728103.0,86.0,68.0,2532000.0,1740.0,702.0,21940000.0
World,2009,,,4.45764153516031,31.9854288136139,17.0654993607187,0.0,0.0,3628700.0,3627.0,2003.0,8003878.0,3287.0,10454.0,26134655.0,190.0,529.0,1515000.0,1434.0,27041.0,1162000.0
World,2010,,,4.67626876251348,31.9456325774178,16.7414815095897,20000.0,0.0,3884700.0,8356.0,10519.0,49137575.0,1564.0,2692.0,28124083.0,166.0,1021.0,2070000.0,57088.0,11.0,400000.0
World,2011,,,4.76575658042257,31.911541080106,16.6987205578704,0.0,0.0,8142000.0,6163.0,2345.0,70759047.0,3103.0,12306.0,50872148.0,10.0,5.0,3137000.0,435.0,22472.0,781123.0
World,2012,,,4.77830675432608,31.4712089390986,16.8962150785112,0.0,0.0,25481200.0,3544.0,8918.0,25794538.0,3105.0,6771.0,85736579.0,21.0,422.0,1000000.0,1883.0,5657.0,152801.0
World,2013,,,4.81500029122133,31.4370965108556,17.1692464159295,0.0,0.0,1587000.0,9819.0,6591.0,54810566.0,8598.0,36812.0,52602364.0,35.0,17.0,1074400.0,1772.0,55325.0,1400000.0
World,2014,,,4.7809346364807,31.4027044198949,17.3299951573821,0.0,0.0,11107000.0,3536.0,5009.0,36458242.0,1432.0,8025.0,40220072.0,16.0,500.0,259000.0,1168.0,18500.0,2518000.0
World,2015,,,4.6985544656489,31.3672852185744,17.4035082673572,35.0,0.0,21917299.0,3479.0,23228.0,21086300.0,1288.0,7149.0,34465128.0,78.0,1181.0,3439820.0,7425.0,14933.0,94000.0
World,2016,,,4.65381087302809,31.3398157847626,17.6281084915531,0.0,0.0,3554000.0,4397.0,8762.0,56878850.0,1761.0,3629.0,45811171.0,40.0,528.0,6287000.0,490.0,1120.0,1727000.0
World,2017,,,4.6751667531539,31.2888985608941,17.8541835016377,0.0,0.0,6122000.0,3337.0,2125.0,20339155.0,2560.0,3360.0,272938976.0,178.0,572.0,16922000.0,359.0,539.0,0.0
World,2018,,,4.74304009319394,31.2515001256163,18.1052270747944,0.0,0.0,9353669.0,2881.0,2394.0,19714152.0,1707.0,2434.0,72833745.0,221.0,682.0,22802000.0,715.0,49000.0,0.0
World,2019,,,4.70786516510003,31.2123964792576,18.5751641385934,85.0,32.0,135000.0,5161.0,3780.0,36828100.0,2514.0,11697.0,57637098.0,116.0,2292.0,3731000.0,2909.0,28922.0,0.0
